.steps,.cases,.distance,.p_symptomatic,.p_death,.initial_infections,.incubation,.duration,R0
60,100,0.25,0.35,0.1,2,7,8,3.1089369682060997
60,100,0.1,0.5,0.1,1,10,10,0.5972222222222222
60,100,0.2,0.6,0.1,2,7,9,2.22825583488459
60,100,0.3,0.5,0.1,1,10,8,5.548769235594732
60,100,0.15000000000000002,0.5,0.1,3,8,7,1.453217117142533
60,100,0.25,0.5,0.1,2,7,10,3.8388885609673897
60,100,0.1,0.6,0.1,1,7,9,0.8137254901960784
60,100,0.1,0.55,0.1,3,9,9,0.9952605958855959
60,100,0.2,0.3,0.1,2,9,7,3.211593958952086
60,100,0.3,0.4,0.1,3,7,10,5.9383719841029645
60,100,0.3,0.35,0.1,2,5,5,4.523474307302925
60,100,0.25,0.5,0.1,1,10,6,3.139113594526697
60,100,0.15000000000000002,0.35,0.1,2,7,9,1.648024319245908
60,100,0.3,0.55,0.1,3,9,7,5.3867334167956304
60,100,0.1,0.6,0.1,3,5,5,0.9114468864468864
60,100,0.25,0.5,0.1,2,10,8,3.1242863276485267
60,100,0.15000000000000002,0.55,0.1,3,5,5,2.080609943977014
60,100,0.1,0.5,0.1,2,5,7,1.0462317252639832
60,100,0.2,0.35,0.1,1,6,8,3.0107292185982475
60,100,0.3,0.5,0.1,2,5,6,3.7034945194961852
60,100,0.3,0.35,0.1,2,10,6,4.3839202443525
60,100,0.15000000000000002,0.5,0.1,3,6,9,1.6694300635726502
60,100,0.1,0.6,0.1,1,10,8,0.9000276854928018
60,100,0.2,0.35,0.1,1,5,7,2.26726442439481
60,100,0.15000000000000002,0.4,0.1,2,6,7,1.9182869545394647
60,100,0.25,0.4,0.1,1,5,8,4.146688806448888
60,100,0.25,0.35,0.1,2,8,7,3.67091492899038
60,100,0.3,0.5,0.1,1,8,7,6.2903940569302526
60,100,0.2,0.4,0.1,2,8,7,2.1906295102382725
60,100,0.3,0.35,0.1,2,8,8,5.450816099508592
60,100,0.1,0.35,0.1,3,6,5,1.0621489621489622
60,100,0.15000000000000002,0.3,0.1,3,10,7,2.1529145381509855
60,100,0.15000000000000002,0.4,0.1,2,8,6,1.5466463284761112
60,100,0.25,0.35,0.1,1,7,7,3.542958063996225
60,100,0.2,0.5,0.1,1,8,6,2.634134781441273
60,100,0.15000000000000002,0.6,0.1,2,6,8,1.8608332527687366
60,100,0.15000000000000002,0.4,0.1,1,6,10,0
60,100,0.15000000000000002,0.45,0.1,2,9,6,1.9041265531335045
60,100,0.3,0.4,0.1,1,9,5,5.608064425670439
60,100,0.1,0.45,0.1,1,10,10,1.3627380952380952
60,100,0.1,0.4,0.1,2,9,9,0.7355838143338144
60,100,0.3,0.3,0.1,3,10,6,4.609282243144336
60,100,0.1,0.6,0.1,3,10,9,0.8181008075744918
60,100,0.15000000000000002,0.4,0.1,2,10,7,1.591746406032847
60,100,0.25,0.3,0.1,2,6,10,3.542907679201087
60,100,0.1,0.4,0.1,2,9,8,0.665452847805789
60,100,0.15000000000000002,0.3,0.1,2,6,9,1.6662720057720057
60,100,0.2,0.35,0.1,3,8,7,2.204958503245034
60,100,0.25,0.6,0.1,2,9,7,3.477072272488078
60,100,0.15000000000000002,0.35,0.1,2,6,7,2.528938055625699
60,100,0.25,0.5,0.1,1,9,6,3.039048927397652
60,100,0.25,0.4,0.1,3,7,9,3.4592733200548627
60,100,0.3,0.55,0.1,2,6,9,4.581261399476996
60,100,0.15000000000000002,0.45,0.1,2,5,5,1.5836340130457778
60,100,0.15000000000000002,0.35,0.1,3,9,5,1.5715295164131504
60,100,0.25,0.45,0.1,3,10,5,2.88607272564972
60,100,0.25,0.6,0.1,2,9,5,4.235305846919433
60,100,0.1,0.3,0.1,1,6,8,0.8462301587301587
60,100,0.2,0.5,0.1,1,6,7,2.5822858950170025
60,100,0.25,0.3,0.1,1,10,8,2.411924475310723
60,100,0.15000000000000002,0.6,0.1,1,10,5,2.314097027699969
60,100,0.1,0.3,0.1,2,9,6,0.6596296296296297
60,100,0.3,0.6,0.1,1,9,7,4.857827612321621
60,100,0.2,0.35,0.1,3,5,5,2.6798903991220677
60,100,0.25,0.5,0.1,3,6,8,3.5070989992599126
60,100,0.1,0.55,0.1,2,6,9,0.5341269841269841
60,100,0.25,0.45,0.1,3,9,6,3.323660363014533
60,100,0.2,0.55,0.1,1,9,8,2.2067157182289545
60,100,0.1,0.35,0.1,3,5,5,0.27395833333333336
60,100,0.2,0.3,0.1,3,8,9,3.1547833606901476
60,100,0.25,0.45,0.1,1,6,7,3.725339441374387
60,100,0.1,0.4,0.1,1,5,6,0
60,100,0.15000000000000002,0.45,0.1,2,7,7,1.6539459726070465
60,100,0.3,0.6,0.1,1,5,7,5.2871993372324635
60,100,0.15000000000000002,0.6,0.1,3,6,5,1.2583666333666335
60,100,0.2,0.4,0.1,2,10,9,2.750885949064139
60,100,0.3,0.3,0.1,3,5,8,5.383412668914487
60,100,0.1,0.55,0.1,1,9,7,0.5365853658536586
60,100,0.3,0.5,0.1,2,8,5,5.245027537237306
60,100,0.15000000000000002,0.6,0.1,2,5,10,1.9497202955957824
60,100,0.1,0.4,0.1,2,10,8,0.5219444444444444
60,100,0.15000000000000002,0.35,0.1,2,6,5,1.9624291474130358
60,100,0.25,0.5,0.1,1,9,5,3.0515875591332664
60,100,0.2,0.35,0.1,1,7,6,2.1075065878465886
60,100,0.25,0.4,0.1,1,10,9,3.476027647121909
60,100,0.2,0.45,0.1,2,7,5,2.9052844111970173
60,100,0.15000000000000002,0.35,0.1,3,6,6,1.9562112306076838
60,100,0.1,0.3,0.1,2,6,10,0.9249871991807476
60,100,0.25,0.3,0.1,2,7,8,3.384916335586425
60,100,0.2,0.6,0.1,2,9,9,2.17511798580659
60,100,0.15000000000000002,0.3,0.1,1,8,6,0
60,100,0.1,0.4,0.1,2,7,9,1.1382708032708033
60,100,0.25,0.4,0.1,1,5,7,3.6393919869753986
60,100,0.15000000000000002,0.3,0.1,3,9,6,1.1950036061285354
60,100,0.3,0.3,0.1,1,5,10,4.806271182683101
60,100,0.3,0.4,0.1,1,8,8,1
60,100,0.15000000000000002,0.6,0.1,2,5,9,2.030177868021959
60,100,0.3,0.55,0.1,1,6,7,5.416376521744533
60,100,0.15000000000000002,0.35,0.1,3,7,7,1.5883655752341814
60,100,0.15000000000000002,0.55,0.1,2,8,10,1.6561762181774566
60,100,0.1,0.5,0.1,3,6,8,0.7687560125060126
60,100,0.3,0.5,0.1,2,10,6,5.284268938529184
60,100,0.1,0.35,0.1,1,5,6,1.0833333333333333
60,100,0.25,0.5,0.1,1,5,9,4.642446451091557
60,100,0.25,0.6,0.1,2,8,10,3.9659470997474826
60,100,0.25,0.55,0.1,1,10,6,3.353129997938234
60,100,0.15000000000000002,0.6,0.1,2,7,6,1.774755085681339
60,100,0.15000000000000002,0.5,0.1,2,6,7,1.8297603982642345
60,100,0.25,0.4,0.1,3,10,10,3.2767272401000214
60,100,0.3,0.5,0.1,1,9,7,5.411199058456432
60,100,0.1,0.4,0.1,2,7,5,0.7456140350877193
60,100,0.1,0.35,0.1,3,8,6,0.4689922480620155
60,100,0.2,0.4,0.1,1,5,10,0
60,100,0.2,0.5,0.1,2,5,8,2.6075870064190787
60,100,0.15000000000000002,0.4,0.1,3,7,9,1.998519012882757
60,100,0.2,0.55,0.1,2,8,10,2.8111776001948026
60,100,0.2,0.45,0.1,3,5,6,2.2659507556990905
60,100,0.25,0.45,0.1,3,5,10,4.290064367828622
60,100,0.15000000000000002,0.45,0.1,3,10,7,1.650320932072026
60,100,0.15000000000000002,0.5,0.1,2,7,5,0.6472763347763347
60,100,0.3,0.5,0.1,3,10,9,5.886666289117132
60,100,0.25,0.6,0.1,2,6,5,4.52434712918083
60,100,0.15000000000000002,0.6,0.1,2,9,5,1.5351457929044137
60,100,0.3,0.4,0.1,1,7,8,5.419153721917965
60,100,0.2,0.35,0.1,1,10,9,2.459364840938117
60,100,0.2,0.5,0.1,1,8,7,2.912537448831363
60,100,0.25,0.5,0.1,1,9,9,3.4980480381227985
60,100,0.2,0.35,0.1,3,8,5,3.107875417887809
60,100,0.2,0.6,0.1,2,9,5,2.6058701055935467
60,100,0.2,0.6,0.1,1,7,8,2.078410524558601
60,100,0.25,0.3,0.1,3,8,10,3.252296118174198
60,100,0.3,0.6,0.1,3,7,6,5.224610010510507
60,100,0.25,0.3,0.1,1,7,7,3.0670807795588595
60,100,0.15000000000000002,0.3,0.1,2,7,6,2.0629254084916555
60,100,0.1,0.6,0.1,2,9,9,1.017437855645403
60,100,0.2,0.6,0.1,1,8,9,2.161813542341084
60,100,0.1,0.55,0.1,1,6,8,0.38636363636363635
60,100,0.1,0.4,0.1,3,7,9,0.7736190476190477
60,100,0.15000000000000002,0.6,0.1,3,10,7,1.7581426485108889
60,100,0.2,0.6,0.1,3,5,5,2.4508240133734263
60,100,0.2,0.4,0.1,2,7,7,2.6951851666415396
60,100,0.1,0.4,0.1,2,5,7,0.43160919540229886
60,100,0.3,0.55,0.1,1,8,7,5.722769349144267
60,100,0.25,0.45,0.1,2,8,8,3.408925573145311
60,100,0.1,0.5,0.1,3,8,6,0.8978174603174603
60,100,0.15000000000000002,0.3,0.1,2,5,10,2.348611111111111
60,100,0.25,0.6,0.1,3,9,5,4.227005490561011
60,100,0.15000000000000002,0.55,0.1,1,5,7,0.3148148148148148
60,100,0.2,0.35,0.1,2,7,6,2.671416650747191
60,100,0.15000000000000002,0.3,0.1,2,10,7,1.602268896322689
60,100,0.15000000000000002,0.45,0.1,3,8,7,1.5586308629826442
60,100,0.3,0.6,0.1,2,6,6,5.535397277600798
60,100,0.2,0.55,0.1,2,8,5,2.4440476190476192
60,100,0.3,0.35,0.1,3,7,9,3.817042400561943
60,100,0.3,0.6,0.1,2,10,7,4.296280420459131
60,100,0.3,0.3,0.1,3,8,6,4.479921951761841
60,100,0.15000000000000002,0.5,0.1,1,10,9,0.9284656084656084
60,100,0.3,0.5,0.1,2,6,10,4.212008806246518
60,100,0.3,0.5,0.1,2,7,10,4.224567535410983
60,100,0.3,0.55,0.1,2,7,5,5.184507679167127
60,100,0.15000000000000002,0.5,0.1,1,7,9,1.9019403178014018
60,100,0.15000000000000002,0.55,0.1,2,7,5,1.759824985909082
60,100,0.3,0.5,0.1,1,10,6,3.7706197628235385
60,100,0.2,0.35,0.1,3,8,6,2.625583467367905
60,100,0.2,0.35,0.1,2,5,8,2.4962932854841253
60,100,0.15000000000000002,0.3,0.1,2,7,7,1.2183528498823477
60,100,0.3,0.35,0.1,1,7,7,4.91211961862108
60,100,0.15000000000000002,0.45,0.1,1,10,7,2.1246322694367126
60,100,0.15000000000000002,0.3,0.1,2,8,5,0.5666666666666667
60,100,0.15000000000000002,0.5,0.1,1,9,6,1.9216137566137566
60,100,0.25,0.55,0.1,1,7,5,3.4376853189136445
60,100,0.3,0.3,0.1,2,5,10,5.5229121770406255
60,100,0.25,0.5,0.1,1,10,7,4.346180563005087
60,100,0.15000000000000002,0.45,0.1,1,10,8,1.8954572036997959
60,100,0.1,0.3,0.1,2,5,5,0.8333333333333334
60,100,0.1,0.6,0.1,1,9,9,0.9575210503781932
60,100,0.2,0.3,0.1,1,10,5,2.738225299017405
60,100,0.1,0.4,0.1,1,5,10,0.821875
60,100,0.3,0.5,0.1,1,10,10,5.682501092068773
60,100,0.2,0.45,0.1,3,9,9,2.841275738325141
60,100,0.2,0.5,0.1,1,9,8,2.1164649873444543
60,100,0.25,0.5,0.1,2,7,8,3.810114021525095
60,100,0.15000000000000002,0.55,0.1,3,9,8,2.294711604070484
60,100,0.15000000000000002,0.4,0.1,2,5,8,2.901970545794075
60,100,0.25,0.45,0.1,1,6,5,3.630239951637347
60,100,0.25,0.55,0.1,2,8,6,3.445457300151466
60,100,0.25,0.45,0.1,3,7,10,2.894872293089009
60,100,0.3,0.4,0.1,1,7,6,5.462540656987246
60,100,0.1,0.4,0.1,3,5,6,1.5196938775510205
60,100,0.1,0.6,0.1,2,8,5,1.0178249678249678
60,100,0.15000000000000002,0.6,0.1,2,6,5,1.6039259050128616
60,100,0.1,0.35,0.1,2,9,6,0.8976097051097052
60,100,0.1,0.6,0.1,1,8,9,1.2156862745098038
60,100,0.15000000000000002,0.55,0.1,2,8,9,1.7779603856022483
60,100,0.3,0.55,0.1,1,10,7,5.764308420092071
60,100,0.3,0.35,0.1,2,10,9,5.422421201279139
60,100,0.2,0.35,0.1,3,9,9,2.138457533477191
60,100,0.2,0.3,0.1,2,7,9,2.118504173972173
60,100,0.3,0.6,0.1,1,5,8,4.658354694529892
60,100,0.25,0.55,0.1,2,9,6,3.7650077449553385
60,100,0.1,0.35,0.1,1,8,8,1.094156746031746
60,100,0.2,0.6,0.1,3,8,10,2.711720896488894
60,100,0.2,0.6,0.1,3,7,10,2.595876477852327
60,100,0.15000000000000002,0.3,0.1,2,5,9,1.5553763085805925
60,100,0.3,0.55,0.1,1,7,9,4.498278988535279
60,100,0.25,0.5,0.1,3,6,7,3.9526139199968804
60,100,0.15000000000000002,0.4,0.1,3,8,6,0.8761904761904762
60,100,0.1,0.35,0.1,2,6,8,1.1812109187109188
60,100,0.1,0.5,0.1,3,7,10,0.8069579578073492
60,100,0.2,0.45,0.1,3,5,8,2.3954728901929387
60,100,0.2,0.35,0.1,3,7,5,2.5776520762087074
60,100,0.3,0.3,0.1,1,7,7,4.7929974500030905
60,100,0.25,0.5,0.1,1,7,9,3.167837236381805
60,100,0.1,0.55,0.1,1,9,10,0.5069444444444444
60,100,0.25,0.35,0.1,3,10,10,3.23476073636128
60,100,0.15000000000000002,0.4,0.1,3,10,7,1.4946426429833333
60,100,0.2,0.55,0.1,3,5,6,2.6561936166338618
60,100,0.25,0.4,0.1,2,10,7,3.146189014815614
60,100,0.2,0.35,0.1,2,8,8,2.7144011258260607
60,100,0.25,0.5,0.1,3,7,5,2.718591153490329
60,100,0.1,0.4,0.1,2,9,10,1.5926390494037552
60,100,0.3,0.55,0.1,3,5,8,5.196525485851689
60,100,0.3,0.5,0.1,3,10,7,4.436202041207476
60,100,0.15000000000000002,0.35,0.1,2,8,7,1.3442393536020987
60,100,0.1,0.5,0.1,1,5,6,0.6547619047619048
60,100,0.25,0.35,0.1,3,8,6,3.520281681864422
60,100,0.3,0.55,0.1,3,10,8,4.804024828545306
60,100,0.25,0.6,0.1,3,10,10,3.991676130082443
60,100,0.15000000000000002,0.6,0.1,1,9,7,1.6681509729586652
60,100,0.15000000000000002,0.5,0.1,1,8,5,2.540033068783069
60,100,0.1,0.3,0.1,1,6,6,1.5129032258064516
60,100,0.3,0.5,0.1,2,10,5,5.820623783817367
60,100,0.2,0.5,0.1,2,5,10,1.912550580201233
60,100,0.25,0.3,0.1,2,5,7,4.588336968894167
60,100,0.1,0.5,0.1,3,7,7,0.8802044252044252
60,100,0.15000000000000002,0.3,0.1,3,7,6,1.5481754884706047
60,100,0.1,0.3,0.1,3,6,9,0.8139047619047619
60,100,0.1,0.45,0.1,3,5,7,1.0281944444444444
60,100,0.15000000000000002,0.55,0.1,1,9,10,2.4859998670733794
60,100,0.25,0.55,0.1,3,7,8,3.412712555467171
60,100,0.1,0.5,0.1,3,5,9,1.1617087019260932
60,100,0.1,0.4,0.1,2,7,7,1.6128130287221196
60,100,0.1,0.55,0.1,3,10,5,0.6750700280112044
60,100,0.25,0.35,0.1,2,10,7,2.3690209000689473
60,100,0.1,0.4,0.1,1,9,9,0.23385416666666667
60,100,0.1,0.5,0.1,2,6,6,1.2609523809523808
60,100,0.3,0.4,0.1,3,10,6,4.753275748054278
60,100,0.3,0.5,0.1,1,5,10,5.736097381509152
60,100,0.2,0.6,0.1,2,10,7,2.056960872736755
60,100,0.25,0.3,0.1,3,7,9,3.2224992298602086
60,100,0.15000000000000002,0.3,0.1,3,5,10,1.7499328328309058
60,100,0.2,0.5,0.1,1,9,6,1.9359930578696138
60,100,0.3,0.3,0.1,2,9,6,4.84535702046906
60,100,0.2,0.5,0.1,1,6,9,2.2601835890432294
60,100,0.1,0.55,0.1,3,6,8,0.8726341487969395
60,100,0.3,0.55,0.1,2,9,6,3.6529108193745734
60,100,0.2,0.4,0.1,2,10,10,2.3522160467958746
60,100,0.1,0.6,0.1,3,9,9,0.9141260926749366
60,100,0.15000000000000002,0.35,0.1,1,5,6,2.0663690476190477
60,100,0.25,0.5,0.1,3,10,9,2.8275040062153005
60,100,0.1,0.45,0.1,3,6,6,0.9398732220160791
60,100,0.2,0.3,0.1,2,5,7,3.3653986889388796
60,100,0.2,0.35,0.1,1,6,6,3.0735138225419556
60,100,0.2,0.3,0.1,3,7,7,3.067990122168952
60,100,0.1,0.3,0.1,1,8,8,0.5285714285714286
60,100,0.1,0.5,0.1,3,6,6,0.8252655122655123
60,100,0.1,0.45,0.1,2,5,8,1.0270833333333333
60,100,0.3,0.5,0.1,3,10,6,5.159352608907031
60,100,0.25,0.55,0.1,2,10,6,4.339104629533197
60,100,0.15000000000000002,0.55,0.1,1,6,6,2.107162979735021
60,100,0.25,0.35,0.1,1,10,9,4.096085842759899
60,100,0.15000000000000002,0.4,0.1,1,9,7,1.8423843479648434
60,100,0.15000000000000002,0.35,0.1,3,5,8,1.4172411660298472
60,100,0.1,0.55,0.1,1,8,5,0.55
60,100,0.1,0.35,0.1,1,7,10,0.2907801418439716
60,100,0.2,0.35,0.1,1,7,10,2.3859743933405477
60,100,0.2,0.55,0.1,3,9,8,2.6093352936964345
60,100,0.1,0.45,0.1,2,6,9,0.8971582181259601
60,100,0.3,0.45,0.1,2,6,5,5.328502484565845
60,100,0.3,0.4,0.1,3,9,6,5.844430359031671
60,100,0.15000000000000002,0.5,0.1,2,8,9,1.9493006481081638
60,100,0.25,0.6,0.1,3,5,7,4.162776601652965
60,100,0.15000000000000002,0.3,0.1,1,8,9,2.2352585622993786
60,100,0.2,0.3,0.1,2,10,5,2.573588295768077
60,100,0.1,0.35,0.1,1,10,10,0.9899019961519961
60,100,0.1,0.3,0.1,1,6,7,1.1826338344195486
60,100,0.15000000000000002,0.55,0.1,1,6,7,2.06353478849367
60,100,0.25,0.5,0.1,2,8,8,3.3088864915030443
60,100,0.15000000000000002,0.35,0.1,3,8,8,1.6452713129164698
60,100,0.1,0.45,0.1,1,7,7,0.7146464646464646
60,100,0.1,0.35,0.1,3,7,10,0.7304486916974017
60,100,0.1,0.55,0.1,1,5,7,1.5186781609195403
60,100,0.2,0.5,0.1,2,10,10,2.0682442506877883
60,100,0.2,0.3,0.1,2,7,10,3.153973747216299
60,100,0.2,0.4,0.1,2,5,8,2.1041568306087703
60,100,0.15000000000000002,0.5,0.1,3,10,8,1.7516289810387446
60,100,0.1,0.3,0.1,3,9,7,0.5288150635372858
60,100,0.25,0.45,0.1,1,10,7,4.049873159620354
60,100,0.25,0.45,0.1,3,9,5,3.70833207378371
60,100,0.25,0.35,0.1,1,8,9,2.5485771529452164
60,100,0.25,0.35,0.1,3,10,7,4.02515523402191
60,100,0.25,0.4,0.1,2,10,9,3.196060325472627
60,100,0.15000000000000002,0.3,0.1,2,10,8,1.499576244416482
60,100,0.15000000000000002,0.45,0.1,2,7,10,0.7195939294623506
60,100,0.1,0.4,0.1,3,9,7,0.991552937462864
60,100,0.3,0.45,0.1,2,5,8,5.385632037498623
60,100,0.2,0.3,0.1,1,9,8,2.1516259896570844
60,100,0.25,0.6,0.1,2,7,6,3.7376066315796916
60,100,0.1,0.55,0.1,3,9,6,1.2709395641051988
60,100,0.25,0.4,0.1,3,5,10,3.227452686997935
60,100,0.2,0.6,0.1,3,9,8,2.3990119575349684
60,100,0.15000000000000002,0.4,0.1,2,8,7,1.9169564519874118
60,100,0.15000000000000002,0.55,0.1,1,5,8,1.6026984126984127
60,100,0.15000000000000002,0.55,0.1,2,7,8,0.9320512820512821
60,100,0.2,0.55,0.1,3,6,5,2.798893078066076
60,100,0.25,0.55,0.1,1,6,9,4.324594368971965
60,100,0.25,0.3,0.1,1,6,8,2.9612705726855086
60,100,0.3,0.4,0.1,2,9,8,4.933032547410789
60,100,0.25,0.3,0.1,3,8,8,3.263390729267795
60,100,0.15000000000000002,0.45,0.1,2,10,7,1.5035102283826194
60,100,0.3,0.4,0.1,3,5,6,5.166516086558113
60,100,0.2,0.6,0.1,2,8,10,2.4092202019512703
60,100,0.25,0.3,0.1,1,5,9,3.098885283045444
60,100,0.1,0.4,0.1,1,6,10,0.4738562091503268
60,100,0.3,0.5,0.1,1,10,7,5.834879966362812
60,100,0.1,0.4,0.1,2,7,10,0.7814407814407814
60,100,0.15000000000000002,0.4,0.1,2,9,7,2.120887927474147
60,100,0.15000000000000002,0.45,0.1,3,6,9,1.4115916098966947
60,100,0.3,0.3,0.1,3,8,9,4.609208195544548
60,100,0.1,0.35,0.1,1,5,10,1.0695555833055834
60,100,0.1,0.3,0.1,1,5,10,0.28125
60,100,0.2,0.3,0.1,1,8,5,2.5362274191763468
60,100,0.15000000000000002,0.3,0.1,1,10,6,1.0292397660818713
60,100,0.1,0.55,0.1,2,8,10,0.56494708994709
60,100,0.1,0.55,0.1,3,5,9,0.8508803418803419
60,100,0.25,0.5,0.1,1,7,6,4.2306581986252
60,100,0.3,0.3,0.1,2,9,10,5.009826148964861
60,100,0.1,0.3,0.1,2,5,8,0.8813218390804598
60,100,0.3,0.6,0.1,1,7,5,4.82695840350662
60,100,0.1,0.35,0.1,2,9,5,1.0147286821705426
60,100,0.15000000000000002,0.45,0.1,2,5,8,0
60,100,0.3,0.3,0.1,1,8,8,4.550808999649335
60,100,0.15000000000000002,0.3,0.1,2,7,9,2.074920207397813
60,100,0.25,0.55,0.1,3,9,9,3.3589876783745476
60,100,0.1,0.3,0.1,3,7,7,0.8428571428571429
60,100,0.25,0.6,0.1,3,10,8,3.1993576937113293
60,100,0.15000000000000002,0.45,0.1,3,8,9,1.6655285957804933
60,100,0.25,0.4,0.1,1,10,7,3.3525672823659987
60,100,0.3,0.6,0.1,2,5,9,4.4632878674983365
60,100,0.3,0.3,0.1,2,8,9,3.5924682182378156
60,100,0.2,0.5,0.1,3,9,10,2.7700360518676233
60,100,0.2,0.35,0.1,1,9,7,1.9006516056951954
60,100,0.3,0.55,0.1,1,5,6,4.359233387435075
60,100,0.3,0.5,0.1,1,5,5,5.755535219670783
60,100,0.15000000000000002,0.4,0.1,2,7,8,0.8946514837819186
60,100,0.15000000000000002,0.5,0.1,1,8,7,1.6972789115646258
60,100,0.3,0.6,0.1,1,7,7,4.695209349655051
60,100,0.15000000000000002,0.5,0.1,3,10,10,1.950442852449869
60,100,0.2,0.55,0.1,3,6,7,2.568868322970172
60,100,0.1,0.6,0.1,2,6,9,0.8637352359574582
60,100,0.25,0.35,0.1,3,6,7,3.627005716416839
60,100,0.2,0.5,0.1,2,9,7,2.9388797829280935
60,100,0.15000000000000002,0.4,0.1,2,5,9,1.4699143217893218
60,100,0.3,0.35,0.1,3,10,9,5.289251214701124
60,100,0.3,0.35,0.1,1,10,10,3.712979401122835
60,100,0.3,0.4,0.1,2,8,9,4.881595478531667
60,100,0.25,0.35,0.1,2,9,8,3.257143617893555
60,100,0.25,0.6,0.1,2,6,9,3.627518910037549
60,100,0.2,0.55,0.1,2,9,6,2.553619617661997
60,100,0.25,0.4,0.1,2,8,8,3.808629771008168
60,100,0.1,0.45,0.1,2,9,8,0.9948205941415468
60,100,0.2,0.5,0.1,2,8,6,2.552357117715739
60,100,0.25,0.35,0.1,2,10,9,4.134469123415842
60,100,0.2,0.45,0.1,1,8,8,3.3013523782519787
60,100,0.15000000000000002,0.35,0.1,2,7,6,2.5908503401360545
60,100,0.3,0.6,0.1,2,9,10,5.722140605250611
60,100,0.2,0.4,0.1,3,9,6,2.578992883765801
60,100,0.1,0.5,0.1,1,7,6,0.6886111111111111
60,100,0.1,0.4,0.1,3,10,6,1.558868006993007
60,100,0.2,0.3,0.1,1,9,6,2.1941525929596244
60,100,0.15000000000000002,0.55,0.1,2,7,6,0.5035303776683087
60,100,0.15000000000000002,0.4,0.1,3,6,10,1.250634148273467
60,100,0.25,0.4,0.1,1,7,7,3.9488767469453956
60,100,0.2,0.6,0.1,1,9,10,1.2287037037037036
60,100,0.25,0.55,0.1,3,8,6,3.820544904153194
60,100,0.2,0.35,0.1,3,5,10,2.4836539496023176
60,100,0.2,0.3,0.1,3,10,9,2.0165273450341097
60,100,0.1,0.35,0.1,2,6,5,0.8067375886524822
60,100,0.2,0.35,0.1,2,5,10,2.925200614826554
60,100,0.3,0.4,0.1,2,8,5,6.0402650358706165
60,100,0.25,0.4,0.1,3,7,6,4.001084225714618
60,100,0.15000000000000002,0.5,0.1,3,6,10,1.7982502521391965
60,100,0.15000000000000002,0.6,0.1,3,7,5,2.4551794067215895
60,100,0.3,0.3,0.1,2,10,7,5.772714000712703
60,100,0.3,0.4,0.1,3,8,10,5.030510085687669
60,100,0.3,0.5,0.1,2,10,7,4.806617640875383
60,100,0.15000000000000002,0.3,0.1,1,5,5,1.8348639455782312
60,100,0.3,0.45,0.1,1,6,6,4.367965826349248
60,100,0.3,0.4,0.1,3,6,10,6.048683245098988
60,100,0.1,0.6,0.1,1,7,5,1.228846153846154
60,100,0.25,0.6,0.1,2,10,9,3.731423431462172
60,100,0.15000000000000002,0.3,0.1,2,6,10,1.5382510477036395
60,100,0.25,0.4,0.1,3,6,5,3.621287092885437
60,100,0.3,0.55,0.1,1,10,6,5.271056199025778
60,100,0.15000000000000002,0.45,0.1,3,10,9,1.652025044314414
60,100,0.1,0.45,0.1,1,8,10,0.6915476190476191
60,100,0.3,0.35,0.1,3,6,8,5.288019622258745
60,100,0.1,0.6,0.1,1,10,9,0.4463276836158192
60,100,0.25,0.5,0.1,1,8,10,3.1985928434044952
60,100,0.25,0.35,0.1,3,6,6,3.7303862882647056
60,100,0.25,0.45,0.1,3,6,5,3.418677682049601
60,100,0.2,0.45,0.1,2,5,7,2.267039634389137
60,100,0.15000000000000002,0.4,0.1,1,6,6,1.7865079365079366
60,100,0.15000000000000002,0.4,0.1,1,6,8,1.4196048632218845
60,100,0.1,0.45,0.1,2,6,10,0.4673611111111111
60,100,0.15000000000000002,0.4,0.1,1,5,10,0
60,100,0.15000000000000002,0.4,0.1,1,8,7,1.456005291005291
60,100,0.15000000000000002,0.4,0.1,1,10,9,1.4376007751994595
60,100,0.1,0.6,0.1,1,6,6,0.4024509803921569
60,100,0.3,0.45,0.1,2,10,10,4.297006871239863
60,100,0.3,0.3,0.1,3,7,6,5.370613084130811
60,100,0.3,0.6,0.1,2,8,7,4.871355482046736
60,100,0.15000000000000002,0.35,0.1,3,5,5,1.6120380233801286
60,100,0.25,0.45,0.1,1,6,9,3.5770086100000755
60,100,0.2,0.55,0.1,2,8,6,2.7389392901331275
60,100,0.1,0.3,0.1,3,7,9,0.7624338624338625
60,100,0.1,0.45,0.1,1,7,9,0.31333333333333335
60,100,0.15000000000000002,0.3,0.1,2,8,6,1.906944663523611
60,100,0.3,0.4,0.1,1,10,6,6.164427966769832
60,100,0.2,0.3,0.1,3,5,10,2.409422474163211
60,100,0.15000000000000002,0.6,0.1,3,9,7,1.9503761835572981
60,100,0.25,0.3,0.1,3,5,5,3.6915962270320155
60,100,0.1,0.3,0.1,2,8,10,0.6975103137603138
60,100,0.3,0.3,0.1,3,6,8,5.094300449352247
60,100,0.25,0.45,0.1,2,6,9,4.287071463474339
60,100,0.25,0.45,0.1,3,5,6,3.65892165749814
60,100,0.1,0.45,0.1,1,5,10,0.7944444444444444
60,100,0.15000000000000002,0.3,0.1,2,6,5,1.6679502401432227
60,100,0.1,0.4,0.1,2,5,5,1.1986666666666668
60,100,0.1,0.35,0.1,2,5,5,1.238888888888889
60,100,0.1,0.45,0.1,3,7,6,1.020508658008658
60,100,0.25,0.3,0.1,2,7,6,3.446828250627963
60,100,0.1,0.6,0.1,2,10,9,0.856547619047619
60,100,0.2,0.35,0.1,2,5,7,2.375246981315799
60,100,0.2,0.45,0.1,1,6,6,1.5269786283675173
60,100,0.2,0.45,0.1,2,5,8,2.901208270892418
60,100,0.15000000000000002,0.55,0.1,3,5,7,1.5514353089720736
60,100,0.15000000000000002,0.35,0.1,3,5,7,2.46786139344777
60,100,0.2,0.45,0.1,2,10,8,2.68085920725999
60,100,0.15000000000000002,0.55,0.1,3,8,10,1.9084226013637777
60,100,0.25,0.55,0.1,2,10,7,3.004904303928531
60,100,0.2,0.6,0.1,1,6,5,2.348723229650304
60,100,0.15000000000000002,0.6,0.1,3,7,6,1.5853344415137403
60,100,0.25,0.55,0.1,3,6,9,3.8371074456790204
60,100,0.2,0.3,0.1,3,7,9,2.7255616614742983
60,100,0.3,0.5,0.1,2,5,5,4.782303929212055
60,100,0.2,0.45,0.1,1,10,7,2.5802714111538605
60,100,0.15000000000000002,0.4,0.1,3,6,7,1.3837122252747254
60,100,0.15000000000000002,0.35,0.1,3,9,7,1.8524506801777803
60,100,0.3,0.55,0.1,1,6,8,3.770334030998688
60,100,0.2,0.6,0.1,3,10,7,2.187813234922705
60,100,0.1,0.35,0.1,3,6,9,1.0442592592592592
60,100,0.25,0.3,0.1,3,6,5,3.215927991787135
60,100,0.3,0.3,0.1,3,7,7,6.302409647318939
60,100,0.2,0.35,0.1,2,7,10,2.7106687356737122
60,100,0.15000000000000002,0.6,0.1,2,7,8,0.7514285714285714
60,100,0.15000000000000002,0.3,0.1,1,6,10,1.6379988705028348
60,100,0.25,0.55,0.1,2,5,5,3.266681643116259
60,100,0.15000000000000002,0.55,0.1,3,6,5,1.5873879634326136
60,100,0.15000000000000002,0.45,0.1,3,6,8,1.8506393284089875
60,100,0.15000000000000002,0.3,0.1,1,9,9,1.5175883256528417
60,100,0.2,0.5,0.1,2,6,6,3.1500530225430716
60,100,0.3,0.55,0.1,1,10,8,5.535254564116252
60,100,0.1,0.5,0.1,2,9,5,0.6735119047619048
60,100,0.2,0.4,0.1,1,8,10,2.210718441365476
60,100,0.2,0.4,0.1,1,8,9,0.6190476190476191
60,100,0.15000000000000002,0.35,0.1,2,6,6,2.564220803145793
60,100,0.2,0.55,0.1,1,7,8,2.6427297197556485
60,100,0.15000000000000002,0.5,0.1,3,6,7,1.4584626883646492
60,100,0.1,0.3,0.1,2,7,9,0.940952380952381
60,100,0.15000000000000002,0.35,0.1,2,10,5,1.4116691468253968
60,100,0.3,0.4,0.1,1,6,6,5.040652246856345
60,100,0.2,0.35,0.1,2,5,5,2.3949122832331002
60,100,0.2,0.4,0.1,2,7,10,2.6454606395041846
60,100,0.2,0.35,0.1,2,10,8,2.1445106082093237
60,100,0.1,0.35,0.1,2,5,8,1.4079794909582144
60,100,0.25,0.35,0.1,1,6,7,4.189544003243898
60,100,0.15000000000000002,0.5,0.1,2,7,10,1.1006445406445406
60,100,0.25,0.55,0.1,3,6,5,3.239735898808127
60,100,0.15000000000000002,0.4,0.1,2,9,5,1.6983307783677912
60,100,0.2,0.35,0.1,1,8,9,2.354663771194092
60,100,0.2,0.6,0.1,2,8,6,2.9918733477422728
60,100,0.25,0.5,0.1,3,6,9,2.696622433176847
60,100,0.15000000000000002,0.3,0.1,3,6,8,1.5019522627238953
60,100,0.15000000000000002,0.55,0.1,1,10,8,1.4861111111111112
60,100,0.1,0.55,0.1,2,6,6,0.5256410256410257
60,100,0.3,0.5,0.1,2,8,10,6.170895238418456
60,100,0.3,0.6,0.1,2,9,9,4.8167359176651905
60,100,0.15000000000000002,0.4,0.1,1,7,7,1.6780753968253967
60,100,0.2,0.3,0.1,1,6,7,2.4578100869241486
60,100,0.15000000000000002,0.35,0.1,1,8,10,1.4921832443155973
60,100,0.2,0.4,0.1,1,6,7,2.3374055651263728
60,100,0.1,0.5,0.1,3,7,8,0.9001988751988752
60,100,0.3,0.4,0.1,1,6,7,4.62391079658439
60,100,0.3,0.35,0.1,2,5,7,5.555256874496802
60,100,0.2,0.6,0.1,2,10,10,2.3408748803266195
60,100,0.25,0.35,0.1,2,7,7,3.3155085628930165
60,100,0.3,0.4,0.1,2,7,7,4.687531419924006
60,100,0.2,0.3,0.1,3,8,10,2.4664245601771024
60,100,0.3,0.6,0.1,2,10,6,5.584126337932104
60,100,0.25,0.55,0.1,1,7,7,3.053388696135318
60,100,0.1,0.55,0.1,1,5,10,0.8276531339031339
60,100,0.15000000000000002,0.45,0.1,3,7,5,1.7093786330628435
60,100,0.25,0.45,0.1,2,5,8,4.060873372210507
60,100,0.2,0.45,0.1,2,6,6,2.3743391896689667
60,100,0.15000000000000002,0.45,0.1,2,6,9,1.290978835978836
60,100,0.25,0.6,0.1,2,6,8,3.9951127352786657
60,100,0.3,0.45,0.1,3,6,10,4.995127925665846
60,100,0.25,0.4,0.1,3,10,8,3.401968477223959
60,100,0.15000000000000002,0.4,0.1,2,7,5,1.9214809367587145
60,100,0.3,0.5,0.1,2,9,10,5.62569986251564
60,100,0.2,0.55,0.1,3,10,10,2.589657991277373
60,100,0.3,0.6,0.1,3,7,10,5.336922298436881
60,100,0.15000000000000002,0.45,0.1,1,8,10,2.1463329353573255
60,100,0.1,0.5,0.1,2,6,5,0.900700456950457
60,100,0.25,0.35,0.1,3,8,10,3.87666471325812
60,100,0.1,0.55,0.1,1,7,9,0
60,100,0.25,0.3,0.1,3,6,9,3.243786859680487
60,100,0.3,0.45,0.1,1,7,10,4.749953078206509
60,100,0.1,0.3,0.1,3,9,5,0.8934738338584493
60,100,0.15000000000000002,0.35,0.1,3,10,9,1.9394656527917473
60,100,0.15000000000000002,0.55,0.1,1,5,10,1.8188329591555399
60,100,0.2,0.45,0.1,3,9,7,2.608172347504137
60,100,0.2,0.35,0.1,1,7,5,0.8571428571428571
60,100,0.25,0.6,0.1,1,6,9,3.7599237868094737
60,100,0.25,0.45,0.1,1,9,6,2.994663976131081
60,100,0.3,0.4,0.1,1,7,7,5.716847439993243
60,100,0.15000000000000002,0.3,0.1,1,9,10,1.3335515873015873
60,100,0.15000000000000002,0.3,0.1,3,7,8,1.5534914837965241
60,100,0.25,0.55,0.1,2,7,10,2.9629239677893024
60,100,0.3,0.35,0.1,1,6,8,4.588820822719584
60,100,0.2,0.6,0.1,3,6,9,2.2641773624905075
60,100,0.2,0.45,0.1,2,6,7,2.6812789851966263
60,100,0.2,0.4,0.1,1,7,9,2.6502484768255936
60,100,0.2,0.4,0.1,3,6,8,2.531507738196821
60,100,0.3,0.45,0.1,1,8,6,4.750718640269214
60,100,0.3,0.35,0.1,3,8,9,5.458502866633678
60,100,0.1,0.6,0.1,1,5,8,0
60,100,0.2,0.6,0.1,2,10,5,1.932728299894232
60,100,0.3,0.3,0.1,3,6,6,5.674557544573745
60,100,0.1,0.45,0.1,2,10,8,0.4409920634920635
60,100,0.2,0.55,0.1,1,5,7,2.073958274686027
60,100,0.25,0.45,0.1,3,6,7,3.7193738622502597
60,100,0.3,0.35,0.1,1,7,5,4.383206536031949
60,100,0.1,0.35,0.1,3,5,10,1.1427211713295304
60,100,0.1,0.6,0.1,3,5,7,1.1370244654335564
60,100,0.15000000000000002,0.3,0.1,1,9,8,1.1614285714285715
60,100,0.1,0.6,0.1,1,5,6,0.34019607843137256
60,100,0.3,0.6,0.1,3,10,8,4.197592717450516
60,100,0.15000000000000002,0.55,0.1,1,9,5,0
60,100,0.25,0.6,0.1,3,7,5,4.40264399230401
60,100,0.3,0.6,0.1,2,7,9,5.569299206985577
60,100,0.1,0.4,0.1,2,10,7,0.486408939897312
60,100,0.2,0.5,0.1,2,6,9,2.5398714978758354
60,100,0.1,0.5,0.1,1,5,10,0.8052777777777778
60,100,0.15000000000000002,0.4,0.1,3,8,10,1.7190725266734175
60,100,0.3,0.45,0.1,3,6,9,5.0881542681187115
60,100,0.1,0.35,0.1,1,9,10,0.3814102564102564
60,100,0.2,0.4,0.1,1,6,9,0.9333333333333332
60,100,0.1,0.55,0.1,2,10,8,1.2100162337662337
60,100,0.2,0.3,0.1,3,10,7,2.557550399014935
60,100,0.1,0.35,0.1,1,7,5,0.4090909090909091
60,100,0.25,0.55,0.1,1,9,9,3.641178091802773
60,100,0.1,0.5,0.1,1,9,10,0.7572619047619048
60,100,0.1,0.3,0.1,2,10,5,0
60,100,0.15000000000000002,0.6,0.1,3,9,8,1.785961170990656
60,100,0.15000000000000002,0.6,0.1,3,7,9,1.595596925008899
60,100,0.3,0.5,0.1,3,9,7,5.507701079231024
60,100,0.25,0.45,0.1,3,9,10,3.6852820714852563
60,100,0.15000000000000002,0.45,0.1,1,7,9,1.4558008658008659
60,100,0.2,0.45,0.1,1,5,7,2.4826501499876112
60,100,0.1,0.5,0.1,3,9,9,0.8814314473405382
60,100,0.2,0.55,0.1,2,6,10,2.6591010725123114
60,100,0.3,0.3,0.1,3,7,10,5.199764626457293
60,100,0.2,0.35,0.1,2,10,5,2.6234047177499935
60,100,0.25,0.6,0.1,2,10,5,3.301828560477017
60,100,0.3,0.5,0.1,2,9,5,4.4363046346348245
60,100,0.15000000000000002,0.5,0.1,1,6,10,1.685368920295391
60,100,0.15000000000000002,0.3,0.1,2,8,9,1.7759524476773447
60,100,0.1,0.4,0.1,3,10,10,0.8435517078667233
60,100,0.2,0.35,0.1,3,9,7,2.3180257089726837
60,100,0.25,0.45,0.1,3,6,8,3.6898205375202786
60,100,0.15000000000000002,0.5,0.1,3,9,6,1.2507528417275808
60,100,0.3,0.45,0.1,2,6,6,4.540690624361745
60,100,0.25,0.6,0.1,2,8,6,3.9769596172688924
60,100,0.1,0.45,0.1,1,5,6,0
60,100,0.15000000000000002,0.55,0.1,1,6,5,1.550596474232838
60,100,0.3,0.5,0.1,1,8,5,4.901859069304214
60,100,0.25,0.35,0.1,3,5,9,3.1665025452704825
60,100,0.1,0.5,0.1,3,10,8,1.030924445924446
60,100,0.25,0.4,0.1,1,8,8,2.772923584821354
60,100,0.3,0.45,0.1,3,7,5,4.2945114793536545
60,100,0.3,0.45,0.1,1,6,7,4.982666674165179
60,100,0.15000000000000002,0.35,0.1,1,6,6,1.7366669280405427
60,100,0.1,0.4,0.1,1,8,5,1.0893260779624416
60,100,0.3,0.35,0.1,2,8,10,5.494991929801177
60,100,0.15000000000000002,0.5,0.1,1,8,10,1.445229087921745
60,100,0.15000000000000002,0.4,0.1,1,6,5,1.7425232558588173
60,100,0.3,0.45,0.1,3,7,9,5.095544499460423
60,100,0.1,0.6,0.1,3,10,5,0.4925234487734488
60,100,0.25,0.3,0.1,2,10,5,3.508512422638137
60,100,0.3,0.3,0.1,1,7,5,5.293331982098733
60,100,0.2,0.55,0.1,1,10,7,2.4798967087437136
60,100,0.25,0.55,0.1,1,10,5,3.9991700565233654
60,100,0.3,0.55,0.1,3,9,5,4.880486274610034
60,100,0.3,0.35,0.1,3,8,7,4.741434144348143
60,100,0.1,0.3,0.1,1,10,5,0.8107843137254902
60,100,0.3,0.6,0.1,2,6,7,5.78258676323345
60,100,0.2,0.35,0.1,3,6,7,2.5582887709349147
60,100,0.3,0.55,0.1,3,8,5,5.688911266209089
60,100,0.15000000000000002,0.55,0.1,2,5,5,1.244866734572617
60,100,0.2,0.6,0.1,1,7,7,2.1468802960474114
60,100,0.3,0.55,0.1,1,9,9,5.331639772917162
60,100,0.3,0.4,0.1,1,6,9,4.854616572202768
60,100,0.25,0.3,0.1,2,6,6,4.9729829216726635
60,100,0.2,0.45,0.1,2,8,10,2.0847854850031253
60,100,0.25,0.5,0.1,1,5,5,0
60,100,0.15000000000000002,0.5,0.1,2,7,9,2.6362530773421504
60,100,0.1,0.3,0.1,3,10,7,0.7386376123876124
60,100,0.2,0.3,0.1,3,5,7,3.141459745027471
60,100,0.2,0.35,0.1,3,10,7,1.8796673104954367
60,100,0.1,0.3,0.1,3,10,8,1.1068628080856342
60,100,0.2,0.3,0.1,2,7,7,2.49335471184428
60,100,0.25,0.5,0.1,2,8,10,4.297492484099987
60,100,0.15000000000000002,0.4,0.1,1,7,6,1.8783600155882765
60,100,0.3,0.55,0.1,3,6,9,4.834276652085886
60,100,0.3,0.6,0.1,2,10,5,3.969063531243422
60,100,0.15000000000000002,0.35,0.1,2,6,10,2.0109157849947326
60,100,0.25,0.3,0.1,3,10,9,4.113757324845759
60,100,0.3,0.6,0.1,2,7,7,5.562669882286998
60,100,0.25,0.3,0.1,1,8,9,3.287588927104248
60,100,0.1,0.45,0.1,2,8,6,0.42742857142857144
60,100,0.1,0.5,0.1,2,9,7,0.23958333333333331
60,100,0.2,0.35,0.1,3,7,10,2.2866583858305627
60,100,0.3,0.35,0.1,1,9,7,5.316201301103551
60,100,0.25,0.5,0.1,3,10,5,3.417087775505538
60,100,0.3,0.45,0.1,1,8,8,5.95551313993134
60,100,0.25,0.3,0.1,2,6,8,3.5743628263733744
60,100,0.15000000000000002,0.3,0.1,2,10,6,1.370371436842025
60,100,0.15000000000000002,0.45,0.1,3,6,10,1.6815383146097407
60,100,0.25,0.5,0.1,1,7,5,3.1443111025593278
60,100,0.2,0.6,0.1,3,9,7,2.668952907495082
60,100,0.25,0.6,0.1,2,8,8,3.1894672815183047
60,100,0.2,0.4,0.1,1,6,8,2.2586325386354935
60,100,0.25,0.35,0.1,1,5,7,1.9871794871794872
60,100,0.1,0.4,0.1,1,6,9,0.9278505291005291
60,100,0.15000000000000002,0.35,0.1,1,7,10,1.7634064624404524
60,100,0.15000000000000002,0.6,0.1,3,5,5,1.6995579209811442
60,100,0.25,0.3,0.1,1,6,5,1.4166666666666667
60,100,0.2,0.55,0.1,3,6,6,2.4277079238018233
60,100,0.3,0.35,0.1,2,10,8,6.225923444433117
60,100,0.3,0.5,0.1,3,5,6,5.200903360038082
60,100,0.15000000000000002,0.4,0.1,1,9,8,1.4147536817757407
60,100,0.1,0.6,0.1,1,6,10,1.005
60,100,0.2,0.4,0.1,1,9,8,2.0335775335775335
60,100,0.15000000000000002,0.35,0.1,3,8,7,1.7211506912914907
60,100,0.25,0.6,0.1,1,10,6,3.2454918673997835
60,100,0.1,0.55,0.1,2,6,5,0.578125
60,100,0.15000000000000002,0.6,0.1,2,9,9,1.8798111444077057
60,100,0.1,0.45,0.1,3,5,9,0.8826719576719576
60,100,0.1,0.5,0.1,2,7,10,0.4215686274509804
60,100,0.15000000000000002,0.55,0.1,2,8,8,1.7893120305620305
60,100,0.3,0.5,0.1,2,9,7,5.4603384470330765
60,100,0.25,0.4,0.1,3,8,9,3.6954561263307846
60,100,0.3,0.55,0.1,3,7,6,5.336947993840337
60,100,0.3,0.35,0.1,2,6,10,5.139249237124838
60,100,0.3,0.45,0.1,2,5,7,5.991760505664785
60,100,0.3,0.6,0.1,2,9,5,5.7923949034778115
60,100,0.15000000000000002,0.35,0.1,3,6,7,1.2694048571545233
60,100,0.2,0.6,0.1,2,5,10,2.465841926728905
60,100,0.15000000000000002,0.6,0.1,1,9,5,1.0473684210526315
60,100,0.2,0.45,0.1,2,6,5,2.9250924232329463
60,100,0.1,0.5,0.1,2,6,9,0.5678747093242892
60,100,0.3,0.55,0.1,2,6,8,4.244454274001074
60,100,0.25,0.6,0.1,1,6,8,4.367091025258632
60,100,0.15000000000000002,0.45,0.1,1,6,10,1.5321291208791208
60,100,0.15000000000000002,0.4,0.1,2,7,10,1.6498412698412699
60,100,0.2,0.35,0.1,3,10,5,2.422000218303866
60,100,0.3,0.35,0.1,1,8,6,5.4996032354688245
60,100,0.2,0.55,0.1,1,6,8,2.751440720227485
60,100,0.15000000000000002,0.3,0.1,1,10,10,1.1071428571428572
60,100,0.15000000000000002,0.6,0.1,2,5,7,2.030022823337764
60,100,0.3,0.45,0.1,1,6,8,5.294484337937827
60,100,0.25,0.4,0.1,2,10,10,3.1558313749035136
60,100,0.1,0.55,0.1,2,5,5,0.7277777777777777
60,100,0.25,0.4,0.1,1,5,5,3.5518635591159393
60,100,0.25,0.3,0.1,1,9,7,2.860201332468468
60,100,0.25,0.3,0.1,1,7,9,3.9694275294848254
60,100,0.15000000000000002,0.55,0.1,2,5,8,0.7491228070175439
60,100,0.1,0.5,0.1,1,8,8,0.8867521367521367
60,100,0.25,0.55,0.1,2,8,10,3.3323250029257387
60,100,0.3,0.55,0.1,2,7,10,5.33818116755453
60,100,0.25,0.35,0.1,1,9,8,3.5228293830366257
60,100,0.2,0.45,0.1,2,5,6,2.97593442988546
60,100,0.3,0.4,0.1,1,7,10,5.60137670683155
60,100,0.2,0.3,0.1,1,5,7,2.546671988121689
60,100,0.3,0.5,0.1,3,6,8,2.966486723210744
60,100,0.3,0.35,0.1,1,6,9,4.492910722485118
60,100,0.25,0.4,0.1,2,7,7,2.9350309073292653
60,100,0.1,0.45,0.1,2,10,7,0.8891468253968254
60,100,0.15000000000000002,0.45,0.1,1,5,8,1.2720720720720722
60,100,0.2,0.5,0.1,3,6,9,3.379760240072237
60,100,0.1,0.6,0.1,2,8,9,0.6167460317460317
60,100,0.15000000000000002,0.5,0.1,3,5,5,2.2423881673881674
60,100,0.15000000000000002,0.5,0.1,1,7,7,1.6326690439190439
60,100,0.25,0.45,0.1,1,9,8,3.4462598252529992
60,100,0.25,0.55,0.1,3,7,7,4.378441747553284
60,100,0.3,0.45,0.1,3,9,10,4.431893500231478
60,100,0.1,0.6,0.1,1,10,10,0.905801467051467
60,100,0.2,0.45,0.1,2,5,9,2.503874498142771
60,100,0.3,0.45,0.1,2,7,8,4.601464905550587
60,100,0.25,0.55,0.1,3,10,8,3.744668217137586
60,100,0.25,0.5,0.1,2,7,6,3.2287514046771673
60,100,0.3,0.45,0.1,2,5,6,5.4905768055912425
60,100,0.2,0.55,0.1,3,5,7,2.555915066484554
60,100,0.2,0.55,0.1,2,10,5,2.1582659047166426
60,100,0.1,0.4,0.1,1,6,5,1.3076923076923077
60,100,0.25,0.35,0.1,2,6,8,3.1778709369446605
60,100,0.1,0.35,0.1,3,8,10,0.8506023860900022
60,100,0.25,0.6,0.1,1,5,6,4.359239218109863
60,100,0.25,0.55,0.1,2,6,9,3.394790261881738
60,100,0.15000000000000002,0.5,0.1,1,5,8,1.0143537414965986
60,100,0.25,0.45,0.1,1,5,7,4.188107327795337
60,100,0.2,0.3,0.1,3,9,9,2.1514964147529185
60,100,0.25,0.35,0.1,3,9,10,2.7362275684252486
60,100,0.1,0.4,0.1,3,5,9,0.42766830870279143
60,100,0.3,0.45,0.1,1,9,5,4.85445674601921
60,100,0.15000000000000002,0.6,0.1,3,5,10,1.975738327607622
60,100,0.25,0.5,0.1,1,7,7,3.2643363814726634
60,100,0.2,0.35,0.1,1,8,7,3.0360267966613845
60,100,0.15000000000000002,0.4,0.1,3,9,8,1.685620427600544
60,100,0.15000000000000002,0.3,0.1,3,6,5,2.1507038703747607
60,100,0.25,0.55,0.1,1,9,5,4.513413630129588
60,100,0.3,0.3,0.1,1,10,7,5.134746592036226
60,100,0.15000000000000002,0.35,0.1,3,6,9,1.6089377651971994
60,100,0.15000000000000002,0.3,0.1,1,7,6,1.7494642857142857
60,100,0.25,0.6,0.1,3,9,7,4.217712262201468
60,100,0.3,0.4,0.1,1,5,6,4.91037572727171
60,100,0.2,0.6,0.1,2,7,6,2.561077819767035
60,100,0.15000000000000002,0.35,0.1,1,5,10,1.8085845211290257
60,100,0.3,0.6,0.1,2,5,7,5.8424976820262735
60,100,0.1,0.45,0.1,2,6,7,1.4142213642213641
60,100,0.15000000000000002,0.35,0.1,3,7,6,0.8258210180623974
60,100,0.15000000000000002,0.5,0.1,2,9,6,1.2817347374847374
60,100,0.3,0.5,0.1,1,7,8,5.957171436863015
60,100,0.3,0.45,0.1,2,9,5,5.257871723592268
60,100,0.15000000000000002,0.6,0.1,3,10,6,1.4944345931845933
60,100,0.1,0.35,0.1,1,10,8,0.5314750290360046
60,100,0.25,0.55,0.1,3,8,10,4.0608764991001145
60,100,0.25,0.3,0.1,1,9,9,3.6115843155602856
60,100,0.15000000000000002,0.6,0.1,3,9,5,1.923680665413611
60,100,0.15000000000000002,0.45,0.1,2,9,8,0.9477104377104377
60,100,0.3,0.4,0.1,1,10,9,4.2650609503403185
60,100,0.2,0.55,0.1,1,5,5,2.2689994593539233
60,100,0.3,0.5,0.1,3,7,5,5.358554661868355
60,100,0.1,0.35,0.1,2,7,7,0.888095238095238
60,100,0.15000000000000002,0.4,0.1,2,10,8,1.7348092941891569
60,100,0.3,0.6,0.1,3,9,7,5.89712031375571
60,100,0.2,0.55,0.1,1,10,8,2.7246540350606807
60,100,0.2,0.3,0.1,3,9,8,2.8447941469331126
60,100,0.2,0.55,0.1,1,8,9,3.13211322407751
60,100,0.2,0.4,0.1,2,8,5,2.697274608190986
60,100,0.2,0.55,0.1,2,5,10,2.4295428488218302
60,100,0.25,0.5,0.1,2,8,5,3.801861088972781
60,100,0.2,0.3,0.1,2,10,7,2.2653500916020066
60,100,0.2,0.6,0.1,2,9,7,2.719186689850871
60,100,0.2,0.4,0.1,2,8,6,2.0526383419409338
60,100,0.3,0.5,0.1,1,9,10,6.380882239871049
60,100,0.15000000000000002,0.35,0.1,3,9,6,1.865133907813079
60,100,0.3,0.45,0.1,3,6,6,5.239423613909974
60,100,0.2,0.4,0.1,1,10,8,2.6843906385615877
60,100,0.3,0.55,0.1,3,9,6,4.6247813654976
60,100,0.15000000000000002,0.6,0.1,1,7,10,1.9074070427020708
60,100,0.2,0.35,0.1,1,8,6,2.5424885757464586
60,100,0.25,0.6,0.1,1,8,10,3.7042184892195453
60,100,0.1,0.6,0.1,3,5,9,0.586576354679803
60,100,0.25,0.4,0.1,3,6,7,4.086789582780268
60,100,0.15000000000000002,0.4,0.1,1,9,10,1.5334584884504254
60,100,0.25,0.55,0.1,1,8,8,2.7613633955842944
60,100,0.3,0.55,0.1,1,5,9,3.143132458495
60,100,0.25,0.45,0.1,2,6,10,3.8984597869104043
60,100,0.15000000000000002,0.4,0.1,3,6,5,1.8928870311261952
60,100,0.2,0.35,0.1,3,7,6,2.7335503743978222
60,100,0.1,0.6,0.1,2,5,8,1.024546485260771
60,100,0.25,0.3,0.1,2,7,10,3.343955681001969
60,100,0.25,0.45,0.1,1,9,9,3.1761535596989754
60,100,0.25,0.5,0.1,1,6,8,3.8371312511238487
60,100,0.15000000000000002,0.5,0.1,2,7,7,1.6784603174603174
60,100,0.1,0.3,0.1,2,6,9,1.1319209039548022
60,100,0.2,0.5,0.1,2,6,7,2.6066079103844575
60,100,0.3,0.5,0.1,3,8,9,4.806127741300907
60,100,0.1,0.35,0.1,3,7,7,0.4112193362193362
60,100,0.1,0.5,0.1,2,5,6,0.5654761904761905
60,100,0.1,0.55,0.1,3,8,5,0.5327160493827161
60,100,0.1,0.3,0.1,1,6,10,1.3019444444444443
60,100,0.3,0.55,0.1,3,8,8,5.783404934130503
60,100,0.1,0.4,0.1,2,8,6,0.9642089093701997
60,100,0.25,0.5,0.1,1,7,10,3.3992301993288416
60,100,0.15000000000000002,0.3,0.1,1,7,7,0
60,100,0.15000000000000002,0.6,0.1,2,7,10,1.2621825396825397
60,100,0.25,0.6,0.1,1,5,7,2.7008281573498967
60,100,0.25,0.6,0.1,3,5,8,3.8449850019534573
60,100,0.15000000000000002,0.5,0.1,3,7,8,1.3029804102201548
60,100,0.1,0.3,0.1,1,10,10,0.7700992063492064
60,100,0.2,0.5,0.1,3,6,10,2.104332358876188
60,100,0.25,0.35,0.1,2,9,6,3.244967252000293
60,100,0.2,0.45,0.1,1,9,8,2.616395110384188
60,100,0.3,0.45,0.1,2,6,9,5.755390539569072
60,100,0.25,0.55,0.1,1,8,10,3.6202733509918086
60,100,0.15000000000000002,0.45,0.1,2,10,10,1.5928785380239479
60,100,0.15000000000000002,0.55,0.1,1,7,10,2.2495492908650805
60,100,0.3,0.35,0.1,3,6,10,5.666378345742783
60,100,0.3,0.3,0.1,1,7,8,4.534997357365197
60,100,0.1,0.6,0.1,3,9,6,0.7149897240806332
60,100,0.15000000000000002,0.4,0.1,2,5,7,1.3808420052170052
60,100,0.25,0.55,0.1,2,7,6,4.062079510047558
60,100,0.15000000000000002,0.3,0.1,2,7,5,1.3649108688582372
60,100,0.3,0.55,0.1,3,5,5,5.280473586656273
60,100,0.2,0.6,0.1,1,9,8,2.6750035227165485
60,100,0.3,0.6,0.1,3,8,9,5.143473368204785
60,100,0.1,0.45,0.1,3,5,10,0.8683595250902943
60,100,0.3,0.3,0.1,2,5,6,4.895975216204467
60,100,0.25,0.35,0.1,1,9,6,3.4428509066530193
60,100,0.2,0.35,0.1,1,8,5,2.2831862733424884
60,100,0.1,0.3,0.1,1,5,8,0.2777777777777778
60,100,0.2,0.4,0.1,3,6,5,3.1202799146692235
60,100,0.1,0.45,0.1,3,8,6,1.063564814814815
60,100,0.3,0.45,0.1,2,7,10,5.971732937925101
60,100,0.1,0.45,0.1,1,7,6,0.968505291005291
60,100,0.25,0.5,0.1,1,5,8,3.8650575914694554
60,100,0.3,0.55,0.1,3,7,9,5.056536724980406
60,100,0.15000000000000002,0.4,0.1,1,8,8,1.6393217893217893
60,100,0.25,0.4,0.1,3,9,6,3.732600959559703
60,100,0.1,0.55,0.1,2,9,6,0.8875
60,100,0.25,0.4,0.1,1,9,9,3.2867511239339096
60,100,0.25,0.45,0.1,2,6,7,3.4778121515086617
60,100,0.2,0.45,0.1,2,9,5,2.633584111761324
60,100,0.1,0.5,0.1,3,8,10,0.9729026042183937
60,100,0.2,0.4,0.1,3,8,8,2.0481341714602164
60,100,0.1,0.3,0.1,2,7,10,0.4303968253968254
60,100,0.3,0.6,0.1,3,8,6,6.06364202857244
60,100,0.3,0.5,0.1,3,5,8,4.906552428973815
60,100,0.2,0.35,0.1,2,6,9,2.063402422249675
60,100,0.2,0.45,0.1,3,8,8,1.9025076331296973
60,100,0.15000000000000002,0.45,0.1,3,7,9,2.4265368393685822
60,100,0.25,0.35,0.1,1,5,6,3.739952292128135
60,100,0.1,0.55,0.1,1,5,9,0.25757575757575757
60,100,0.25,0.5,0.1,3,6,6,3.5098373273044468
60,100,0.15000000000000002,0.35,0.1,2,9,5,1.8568496458480472
60,100,0.25,0.6,0.1,3,5,5,3.809748173849548
60,100,0.2,0.35,0.1,3,9,10,3.061872870470918
60,100,0.2,0.5,0.1,3,8,5,2.0639572622850353
60,100,0.1,0.6,0.1,1,9,8,0.8995098039215687
60,100,0.2,0.55,0.1,1,7,9,2.9001068376068377
60,100,0.2,0.55,0.1,2,8,9,2.33011379411913
60,100,0.1,0.6,0.1,2,10,5,0.6229384436701509
60,100,0.2,0.6,0.1,2,9,10,2.087707869462355
60,100,0.15000000000000002,0.35,0.1,1,8,6,2.442373039147233
60,100,0.2,0.3,0.1,1,7,7,2.4511052156640605
60,100,0.25,0.6,0.1,1,7,7,4.2499013028636234
60,100,0.1,0.6,0.1,1,6,7,0
60,100,0.15000000000000002,0.4,0.1,1,6,7,0.46153846153846156
60,100,0.2,0.45,0.1,1,10,8,2.8209792979350703
60,100,0.15000000000000002,0.4,0.1,1,6,9,2.239543650793651
60,100,0.15000000000000002,0.3,0.1,2,6,8,1.7265853706432015
60,100,0.1,0.4,0.1,3,10,7,1.075952380952381
60,100,0.15000000000000002,0.4,0.1,1,9,5,1.6666150325709148
60,100,0.1,0.55,0.1,1,5,5,0.7805555555555556
60,100,0.25,0.3,0.1,2,5,10,3.735718892368194
60,100,0.25,0.4,0.1,2,6,5,4.328872880076764
60,100,0.1,0.5,0.1,1,5,5,0
60,100,0.15000000000000002,0.55,0.1,2,8,6,0.9660714285714286
60,100,0.2,0.4,0.1,1,5,5,2.6046397023137096
60,100,0.1,0.35,0.1,1,7,8,0
60,100,0.1,0.3,0.1,3,8,10,0.7622943722943722
60,100,0.1,0.45,0.1,3,10,5,0.903304125068831
60,100,0.3,0.3,0.1,2,8,6,4.271107259366258
60,100,0.2,0.45,0.1,3,8,7,3.4487362823395564
60,100,0.3,0.5,0.1,3,7,7,5.181486358019284
60,100,0.15000000000000002,0.3,0.1,1,8,10,1.455
60,100,0.3,0.5,0.1,2,6,5,4.718183398804225
60,100,0.3,0.5,0.1,1,5,8,4.209938482950115
60,100,0.2,0.5,0.1,3,5,5,2.8927418683898014
60,100,0.3,0.6,0.1,2,7,10,3.7200227874904668
60,100,0.15000000000000002,0.6,0.1,2,6,9,1.3886475683645496
60,100,0.2,0.4,0.1,3,5,8,2.6551909376292495
60,100,0.2,0.6,0.1,1,6,10,2.763926675176675
60,100,0.3,0.55,0.1,3,5,10,5.772798724092122
60,100,0.1,0.45,0.1,1,8,7,0.7083333333333334
60,100,0.25,0.6,0.1,2,5,5,4.282309333568474
60,100,0.1,0.4,0.1,1,7,6,0
60,100,0.15000000000000002,0.6,0.1,3,7,10,2.7795022989665945
60,100,0.2,0.4,0.1,1,10,6,2.092754989398212
60,100,0.3,0.45,0.1,1,9,10,5.42389643698025
60,100,0.1,0.3,0.1,2,10,9,0.3365384615384615
60,100,0.25,0.5,0.1,2,9,7,4.641616358450913
60,100,0.25,0.3,0.1,1,9,8,3.6296046352771163
60,100,0.3,0.35,0.1,2,8,5,5.643579194545451
60,100,0.1,0.55,0.1,3,8,8,1.0519334164356207
60,100,0.3,0.6,0.1,1,9,8,4.215426510156085
60,100,0.1,0.3,0.1,3,10,5,0.9115646258503401
60,100,0.3,0.5,0.1,1,7,9,5.082285332898145
60,100,0.25,0.4,0.1,1,9,10,2.986375555967692
60,100,0.2,0.55,0.1,3,7,6,2.412990819410229
60,100,0.15000000000000002,0.45,0.1,1,6,7,2.3333333333333335
60,100,0.25,0.55,0.1,2,6,10,3.449789424738677
60,100,0.15000000000000002,0.55,0.1,2,10,10,1.4574099285271662
60,100,0.2,0.55,0.1,2,5,7,2.298875177851969
60,100,0.3,0.45,0.1,3,5,9,5.178451055664208
60,100,0.25,0.6,0.1,2,10,7,2.8803094658094825
60,100,0.3,0.4,0.1,2,10,7,5.0475119026746205
60,100,0.3,0.45,0.1,2,10,5,5.044507306060383
60,100,0.3,0.55,0.1,2,10,7,4.9103859712710385
60,100,0.25,0.45,0.1,1,9,10,2.913770985326672
60,100,0.1,0.55,0.1,2,10,5,0.521264367816092
60,100,0.3,0.3,0.1,3,10,8,5.339100672485784
60,100,0.2,0.5,0.1,2,10,9,2.369472220456746
60,100,0.3,0.5,0.1,1,10,9,5.935235081262315
60,100,0.25,0.6,0.1,2,10,6,2.996884307968919
60,100,0.2,0.45,0.1,1,10,10,2.002126997438696
60,100,0.25,0.5,0.1,2,6,7,2.588882424715124
60,100,0.3,0.55,0.1,3,9,10,5.293017727672936
60,100,0.25,0.45,0.1,1,9,5,3.1490436795499313
60,100,0.15000000000000002,0.45,0.1,2,7,5,1.8395178079001608
60,100,0.25,0.35,0.1,3,7,10,3.5387982669958613
60,100,0.2,0.35,0.1,3,10,6,2.531588625135438
60,100,0.15000000000000002,0.4,0.1,2,9,6,1.8983099265076009
60,100,0.3,0.6,0.1,1,10,7,4.375394584530895
60,100,0.25,0.4,0.1,3,5,5,3.7398716587576613
60,100,0.25,0.45,0.1,1,9,7,3.61456178152313
60,100,0.2,0.55,0.1,1,8,8,2.9222838555242254
60,100,0.3,0.3,0.1,3,7,5,5.4010443462236175
60,100,0.15000000000000002,0.45,0.1,3,10,10,1.8727974405760557
60,100,0.15000000000000002,0.4,0.1,3,7,5,1.5181079450968935
60,100,0.15000000000000002,0.3,0.1,3,6,10,1.6515354170677874
60,100,0.3,0.55,0.1,1,8,6,6.115683661636475
60,100,0.2,0.35,0.1,1,5,5,2.8299714383361
60,100,0.1,0.45,0.1,3,8,8,1.0866838716838716
60,100,0.3,0.4,0.1,2,5,9,4.779064608849109
60,100,0.15000000000000002,0.45,0.1,3,7,10,1.7814543564086205
60,100,0.2,0.45,0.1,1,7,9,2.1510578382411456
60,100,0.25,0.45,0.1,2,9,9,3.206199283307867
60,100,0.1,0.5,0.1,2,9,8,1.0053914603914604
60,100,0.2,0.6,0.1,3,9,10,2.1933889586952717
60,100,0.15000000000000002,0.4,0.1,2,5,5,2.159569597069597
60,100,0.1,0.45,0.1,3,10,6,0.8695135975135975
60,100,0.25,0.6,0.1,2,9,10,3.330646164821406
60,100,0.2,0.6,0.1,3,5,10,2.337872655457579
60,100,0.15000000000000002,0.5,0.1,1,5,6,1.261111111111111
60,100,0.2,0.5,0.1,1,6,5,2.7867389779699616
60,100,0.15000000000000002,0.5,0.1,3,7,6,1.306869598720089
60,100,0.25,0.45,0.1,1,10,8,3.1546298540067452
60,100,0.15000000000000002,0.4,0.1,2,10,5,2.076964488144028
60,100,0.15000000000000002,0.6,0.1,1,7,7,2.2828548726122957
60,100,0.1,0.6,0.1,1,5,9,1.2362103174603174
60,100,0.25,0.35,0.1,2,6,5,3.88814352071719
60,100,0.1,0.45,0.1,2,10,9,0.9931078643578644
60,100,0.25,0.45,0.1,1,8,9,3.176305460559583
60,100,0.3,0.35,0.1,2,9,6,5.645006616063897
60,100,0.3,0.3,0.1,1,8,10,4.628481338049669
60,100,0.25,0.3,0.1,3,10,8,3.6030137761738863
60,100,0.15000000000000002,0.3,0.1,3,8,7,1.9712838445266772
60,100,0.1,0.55,0.1,1,7,6,0.737037037037037
60,100,0.2,0.55,0.1,2,6,5,2.1551881439271674
60,100,0.2,0.5,0.1,3,10,8,2.5324195302200057
60,100,0.2,0.4,0.1,2,7,5,2.017759408316399
60,100,0.3,0.35,0.1,3,5,9,6.74527766571239
60,100,0.2,0.5,0.1,1,5,8,3.0815934449569444
60,100,0.25,0.6,0.1,1,7,5,4.024439025046302
60,100,0.25,0.3,0.1,1,9,6,3.6628353620797816
60,100,0.2,0.5,0.1,3,7,9,2.275116119265718
60,100,0.25,0.35,0.1,2,10,10,3.678808205643618
60,100,0.25,0.4,0.1,3,6,9,2.917613801789142
60,100,0.25,0.3,0.1,1,5,6,3.6985178027785324
60,100,0.2,0.55,0.1,2,6,8,3.0124534243559595
60,100,0.15000000000000002,0.6,0.1,1,8,10,1.5606246993746993
60,100,0.15000000000000002,0.35,0.1,2,6,8,0.575
60,100,0.2,0.45,0.1,1,8,5,2.627393668442361
60,100,0.2,0.3,0.1,3,9,5,2.538244160194488
60,100,0.3,0.5,0.1,1,8,8,5.011089269637649
60,100,0.15000000000000002,0.4,0.1,2,9,10,1.6131024023843272
60,100,0.2,0.35,0.1,3,9,6,2.5240135596790596
60,100,0.15000000000000002,0.35,0.1,3,8,10,1.705041015861175
60,100,0.2,0.6,0.1,2,9,8,2.461752633787814
60,100,0.2,0.5,0.1,2,8,10,2.071571905307273
60,100,0.1,0.4,0.1,3,6,8,0.6797536352536353
60,100,0.3,0.35,0.1,1,10,9,4.634388600074503
60,100,0.15000000000000002,0.45,0.1,2,10,5,1.6145437671347114
60,100,0.3,0.55,0.1,1,7,8,4.163241920279786
60,100,0.2,0.35,0.1,2,8,7,2.265014910342772
